{
  "description": "Georgia Legal Holidays for Deadline Calculations",
  "source": "O.C.G.A. ยง 1-4-1 and federal holidays observed in Georgia",
  "total_holidays": 10,
  "note": "These holidays are used for deadline calculations per O.C.G.A. ยง 1-3-1",
  "holidays": {
    "2025": [
      "2025-01-01",
      "2025-01-20",
      "2025-05-26",
      "2025-06-19",
      "2025-07-04",
      "2025-09-01",
      "2025-10-13",
      "2025-11-11",
      "2025-11-27",
      "2025-12-25"
    ],
    "2026": [
      "2026-01-01",
      "2026-01-19",
      "2026-05-25",
      "2026-06-19",
      "2026-07-04",
      "2026-09-07",
      "2026-10-12",
      "2026-11-11",
      "2026-11-26",
      "2026-12-25"
    ],
    "2027": [
      "2027-01-01",
      "2027-01-18",
      "2027-05-31",
      "2027-06-19",
      "2027-07-04",
      "2027-09-06",
      "2027-10-11",
      "2027-11-11",
      "2027-11-25",
      "2027-12-25"
    ],
    "2028": [
      "2028-01-01",
      "2028-01-17",
      "2028-05-29",
      "2028-06-19",
      "2028-07-04",
      "2028-09-04",
      "2028-10-09",
      "2028-11-11",
      "2028-11-23",
      "2028-12-25"
    ],
    "2029": [
      "2029-01-01",
      "2029-01-15",
      "2029-05-28",
      "2029-06-19",
      "2029-07-04",
      "2029-09-03",
      "2029-10-08",
      "2029-11-11",
      "2029-11-22",
      "2029-12-25"
    ],
    "2030": [
      "2030-01-01",
      "2030-01-21",
      "2030-05-27",
      "2030-06-19",
      "2030-07-04",
      "2030-09-02",
      "2030-10-14",
      "2030-11-11",
      "2030-11-28",
      "2030-12-25"
    ]
  },
  "holiday_names": {
    "01-01": "New Year's Day",
    "01-15-21": "Martin Luther King Jr. Day (3rd Monday in January)",
    "05-25-31": "Memorial Day (Last Monday in May)",
    "06-19": "Juneteenth",
    "07-04": "Independence Day",
    "09-01-07": "Labor Day (1st Monday in September)",
    "10-08-14": "Columbus Day (2nd Monday in October)",
    "11-11": "Veterans Day",
    "11-22-28": "Thanksgiving Day (4th Thursday in November)",
    "12-25": "Christmas Day"
  },
  "weekend_observation_rules": {
    "note": "If holiday falls on Saturday, observed on Friday. If holiday falls on Sunday, observed on Monday.",
    "examples": {
      "2025-07-04": "Falls on Friday - observed on Friday",
      "2026-07-04": "Falls on Saturday - observed on Friday (2026-07-03)",
      "2027-07-04": "Falls on Sunday - observed on Monday (2027-07-05)"
    }
  },
  "verification_examples": {
    "mlk_day_2025": {
      "date": "2025-01-20",
      "calculation": "3rd Monday in January 2025",
      "verification": "January 1, 2025 is Wednesday. First Monday is Jan 6. Third Monday is Jan 20."
    },
    "memorial_day_2025": {
      "date": "2025-05-26", 
      "calculation": "Last Monday in May 2025",
      "verification": "May 31, 2025 is Saturday. Last Monday is May 26."
    },
    "thanksgiving_2025": {
      "date": "2025-11-27",
      "calculation": "4th Thursday in November 2025",
      "verification": "November 1, 2025 is Saturday. First Thursday is Nov 7. Fourth Thursday is Nov 27."
    }
  }
}
